CREATE TABLE t (c BIGINT UNSIGNED AUTO_INCREMENT PRIMARY KEY) ENGINE=MEMORY PARTITION BY KEY();
INSERT INTO t VALUES (18446744073709551615);
select * from t;
c
18446744073709551615
drop table t;
CREATE TABLE t (c BIGINT UNSIGNED AUTO_INCREMENT PRIMARY KEY) ENGINE=MEMORY;
INSERT INTO t VALUES (18446744073709551615);
ALTER TABLE t PARTITION BY KEY();
INSERT INTO t VALUES (1);
select * from t;
c
18446744073709551615
1
drop table t;
CREATE TABLE t (c BIGINT UNSIGNED AUTO_INCREMENT PRIMARY KEY) ENGINE=MEMORY;
INSERT INTO t VALUES (18446744073709551615);
ALTER TABLE t PARTITION BY KEY();
INSERT INTO t VALUES (NULL);
ERROR 22003: Out of range value for column 'c' at row 1
select * from t;
c
18446744073709551615
drop table t;
